Marca temporal,Genero ,¬øQu√© edad tienes?,¬øTrabajas en la carretera? üöö ,¬øEres aut√≥nomo o asalariado?,¬øTienes momentos en los que la carga esta vac√≠a?,¬øEstar√≠as dispuesto a recoger un env√≠o adicional si este se ajusta a tu ruta actual y est√° disponible inmediatamente? üìç,¬øCon qu√© frecuencia tienes viajes de retorno vac√≠os a la semana? ‚åõ,¬øQu√© tipo de veh√≠culo usas?,¬øQu√© tipo de carga aceptas?, ¬øEstar√≠as dispuesto a compartir informaci√≥n sobre tus rutas y disponibilidad de espacio para mejorar la eficiencia?,¬øAceptar√≠as un env√≠o a cambio de un ingreso extra? ‚úîÔ∏èüí∂,üí°¬øTienes alguna sugerencia o caracter√≠stica espec√≠fica que te gustar√≠a que NEAR incluyera?,¬øUtilizas servicios de paqueter√≠a habitualmente?,¬øCon que frecuencia aproximadamente env√≠as paquetes al mes? ‚åõ ,¬øCambiar√≠as el m√©todo de envi√≥ por uno m√°s econ√≥mico y sostenible?,¬øPrefieres la recogida a domicilio, puntos de entrega locales, o ambas opciones? ,¬øQu√© tan dispuesto estar√≠as a probar un nuevo servicio de env√≠o como NEAR?,üí°¬øTienes alguna sugerencia o caracter√≠stica espec√≠fica que te gustar√≠a que NEAR incluyera?.1
3/16/2024 21:09:29,Hombre,57.0,No,,,,,,,,,,Nunca,,,,,
3/16/2024 22:02:14,Hombre,28.0,No,,,,,,,,,,A veces,1-5,S√≠,Ambas opciones,Muy dispuesto,
3/16/2024 22:07:46,Hombre,87.0,Si,Autonomo,S√≠,S√≠,1-3,,,S√≠,Si,,,,,,,
3/17/2024 12:38:12,Hombre,29.0,No,,,,,,,,,,Nunca,,,,,
3/17/2024 12:40:15,Mujer,25.0,No,,,,,,,,,,A veces,1-5,S√≠,Recogida a domicilio,Muy dispuesto,"Habr√≠a que incluir el tama√±o del paquete en la app para que el conductor pueda valorar si le cabe o no el nuevo paquete en su cami√≥n.
Por otra parte, ser√≠a m√°s seguro para el conductor y eficiente que otro se encargara de valorar cu√°ntos paquetes nuevos caben y le fuera comunicando las nuevas paradas"
3/17/2024 12:41:49,Mujer,23.0,No,,,,,,,,,,A veces,10 o m√°s,S√≠,Punto de entrega,Poco dispuesto,Tiempo
3/17/2024 13:02:49,Hombre,18.0,No,,,,,,,,,,S√≠,1-5,S√≠,,Muy dispuesto,
3/17/2024 14:26:03,Mujer,45.0,No,,,,,,,,,,A veces,,S√≠,Punto de entrega,Poco dispuesto,"Saber la experiencia o recorrido de quien ahora enviar√° mi paquete, para tener la seguridad de que esta en buenas manos."
3/17/2024 14:32:12,Mujer,28.0,No,,,,,,,,,,A veces,1-5,S√≠,Ambas opciones,Muy dispuesto,"Que se muestre fiable, que tenga un buen sistema de seguimiento del paquete y garant√≠as"
3/17/2024 14:34:36,Mujer,34.0,No,,,,,,,,,,A veces,1-5,S√≠,Recogida a domicilio,Muy dispuesto,"Que el cliente que recibe el paquete confirme a trav√©s de la aplicaci√≥n que recibi√≥ el pedido a satisfacci√≥n. Podr√≠a ser que el domiciliario haga firmar en un dispositivo m√≥vil y la notificaci√≥n le llegue al que solicit√≥ el servicio. Sugiero esto porque me ha pasado varias veces que ni el domiciliario ni el cliente me confirman si el pedido si lleg√≥ y me toca contactar a alguno de ellos. Tampoco aclaran quien ser√≠a el responsable si el pedido se pierde."
3/17/2024 16:39:34,Hombre,19.0,No,,,,,,,,,,A veces,1-5,S√≠,Ambas opciones,Muy dispuesto,
3/17/2024 21:37:14,Hombre,57.0,Si,Asalariado,Tal vez,S√≠,3-5,,,S√≠,Si,No de momento,,,,,,
3/17/2024 23:32:38,Hombre,19.0,No,,,,,,,,,,A veces,1-5,S√≠,Ambas opciones,Muy dispuesto,
3/18/2024 0:04:23,Mujer,33.0,No,,,,,,,,,,A veces,1-5,S√≠,Punto de entrega,Muy dispuesto,
3/18/2024 4:24:02,Mujer,32.0,No,,,,,,,,,,A veces,1-5,S√≠,Recogida a domicilio,Muy dispuesto,
3/18/2024 8:57:57,Mujer,21.0,No,,,,,,,,,,A veces,1-5,S√≠,Punto de entrega,Muy dispuesto,Me parece una excelente idea! Os felicito! 
3/18/2024 9:04:43,Hombre,20.0,No,,,,,,,,,,A veces,1-5,S√≠,Ambas opciones,Muy dispuesto,No
3/18/2024 9:08:10,Mujer,19.0,No,,,,,,,,,,A veces,1-5,S√≠,Punto de entrega,Poco dispuesto,Baratito 
3/18/2024 9:09:34,Hombre,19.0,No,,,,,,,,,,S√≠,5-10,S√≠,Recogida a domicilio,Muy dispuesto,Nada todo ok
3/18/2024 13:56:34,Hombre,48.0,No,,,,,,,,,,S√≠,1-5,Tal vez,Ambas opciones,Muy dispuesto,
3/18/2024 14:04:26,Mujer,29.0,No,,,,,,,,,,A veces,1-5,S√≠,Ambas opciones,Muy dispuesto,
3/18/2024 14:06:18,Mujer,20.0,No,,,,,,,,,,A veces,1-5,S√≠,Ambas opciones,Muy dispuesto,
3/18/2024 14:40:15,Mujer,43.0,No,,,,,,,,,,S√≠,1-5,S√≠,Ambas opciones,Muy dispuesto,
3/18/2024 15:42:52,Mujer,21.0,No,,,,,,,,,,A veces,1-5,S√≠,Ambas opciones,Muy dispuesto,
3/18/2024 15:57:28,Mujer,42.0,No,,,,,,,,,,S√≠,5-10,S√≠,Punto de entrega,Muy dispuesto,
3/18/2024 15:57:55,Mujer,24.0,No,,,,,,,,,,A veces,1-5,S√≠,Ambas opciones,Muy dispuesto,
3/19/2024 12:53:04,Mujer,30.0,No,,,,,,,,,,A veces,1-5,S√≠,Punto de entrega,Poco dispuesto,
3/19/2024 15:15:20,Hombre,33.0,Si,Autonomo,S√≠,S√≠,1-3,,,No,Si,,,,,,,
3/19/2024 17:00:38,Hombre,33.0,No,,,,,,,,,,A veces,1-5,S√≠,Ambas opciones,Muy dispuesto,
3/19/2024 20:35:04,Hombre,52.0,Si,Asalariado,No,,,,,,,,,,,,,
3/20/2024 8:34:13,Hombre,26.0,No,,,,,,,,,,A veces,1-5,S√≠,Ambas opciones,Poco dispuesto,
3/21/2024 8:50:57,Hombre,20.0,No,,,,,,,,,,A veces,1-5,S√≠,Ambas opciones,Muy dispuesto,
3/22/2024 12:40:52,Hombre,27.0,No,,,,,,,,,,S√≠,1-5,Tal vez,Ambas opciones,Poco dispuesto,
3/24/2024 12:29:37,Mujer,21.0,No,,,,,,,,,,S√≠,1-5,S√≠,Ambas opciones,Muy dispuesto,
3/26/2024 15:11:56,Hombre,41.0,Si,Asalariado,S√≠,S√≠,5-7,,,S√≠,Si,,,,,,,
3/29/2024 12:12:30,Hombre,25.0,No,,,,,,,,,,A veces,1-5,No,Ambas opciones,Nada dispuesto,
3/29/2024 12:19:54,Hombre,25.0,No,,,,,,,,,,Nunca,,,,,
3/29/2024 13:11:43,Mujer,40.0,No,,,,,,,,,,S√≠,1-5,S√≠,Recogida a domicilio,Muy dispuesto,
4/9/2024 13:31:44,Mujer,28.0,No,,,,,,,,,,A veces,1-5,S√≠,Ambas opciones,Muy dispuesto,
4/9/2024 13:54:57,Hombre,,No,,,,,,,,,,S√≠,1-5,S√≠,Recogida a domicilio,Muy dispuesto,Traer mi propia mercader√≠a 
4/9/2024 14:52:47,Mujer,49.0,No,,,,,,,,,,S√≠,1-5,S√≠,Ambas opciones,Muy dispuesto,Confirmar la hora de entrega 
4/9/2024 15:24:58,Mujer,51.0,No,,,,,,,,,,S√≠,1-5,S√≠,Recogida a domicilio,Muy dispuesto,
6/17/2024 10:36:13,Hombre,58.0,No,,,,,,,,,,A veces,1-5,S√≠,Punto de entrega,Muy dispuesto,
3/10/2025 23:05:40,Hombre,38.0,No,,,,,,,,,,A veces,1-5,S√≠,Ambas opciones,Muy dispuesto,
4/12/2025 13:05:03,Hombre,38.0,Si,Autonomo,S√≠,S√≠,3-5,Cami√≥n r√≠gido,"General (cajas, palets)",S√≠,Si,,,,,,,
4/12/2025 14:39:22,Hombre,46.0,Si,Autonomo,S√≠,S√≠,3-5,Cami√≥n r√≠gido,"General (cajas, palets)",S√≠,Si,,,,,,,
4/12/2025 16:51:11,Hombre,33.0,Si,Asalariado,S√≠,S√≠,1-3,Furg√≥n grande,"General (cajas, palets)",S√≠,Si,,,,,,,
4/19/2025 23:19:36,Hombre,31.0,Si,Autonomo,S√≠,S√≠,5-7,Furg√≥n grande,"General (cajas, palets)",S√≠,Si,,,,,,,
04/23/2025 10:09:16,Hombre,30.0,S√≠,Autonomo,No,S√≠,M√°s de 6,Cami√≥n,Ambas,S√≠,S√≠,,A veces,1-5,No,Ambas opciones,Muy dispuesto,
04/25/2025 10:09:16,Mujer,31.0,S√≠,Autonomo,A veces,S√≠,M√°s de 6,Cami√≥n,Paqueter√≠a,No,S√≠,,Frecuentemente,6-10,No,Recogida a domicilio,Poco dispuesto,
04/27/2025 10:09:16,Hombre,55.0,S√≠,Autonomo,A veces,S√≠,M√°s de 6,Furgoneta,Paqueter√≠a,No,No,,A veces,M√°s de 10,No,Ambas opciones,Poco dispuesto,
04/17/2025 10:09:16,Hombre,44.0,S√≠,Autonomo,A veces,S√≠,1-3,Furgoneta,Palets,S√≠,S√≠,,A veces,M√°s de 10,S√≠,Puntos de entrega locales,Poco dispuesto,
04/24/2025 10:09:16,Mujer,57.0,S√≠,Autonomo,S√≠,S√≠,4-6,Coche,Paqueter√≠a,No,S√≠,,Nunca,6-10,S√≠,Puntos de entrega locales,Muy dispuesto,
05/05/2025 10:09:16,Hombre,34.0,S√≠,Autonomo,S√≠,S√≠,4-6,Cami√≥n,Paqueter√≠a,S√≠,No,,Nunca,M√°s de 10,S√≠,Ambas opciones,Muy dispuesto,
05/09/2025 10:09:16,Mujer,52.0,S√≠,Autonomo,A veces,S√≠,1-3,Coche,Palets,No,No,,A veces,6-10,No,Ambas opciones,Muy dispuesto,
05/09/2025 10:09:16,Mujer,45.0,S√≠,Autonomo,No,S√≠,M√°s de 6,Furgoneta,Ambas,No,No,,A veces,M√°s de 10,No,Ambas opciones,Dispuesto,
04/27/2025 10:09:16,Mujer,31.0,S√≠,Autonomo,S√≠,S√≠,1-3,Cami√≥n,Paqueter√≠a,No,S√≠,,A veces,M√°s de 10,S√≠,Puntos de entrega locales,Muy dispuesto,
04/10/2025 10:09:16,Hombre,27.0,S√≠,Autonomo,A veces,S√≠,1-3,Cami√≥n,Ambas,S√≠,No,,Frecuentemente,M√°s de 10,S√≠,Puntos de entrega locales,Muy dispuesto,
04/23/2025 10:09:16,Hombre,58.0,S√≠,Autonomo,No,S√≠,4-6,Furgoneta,Paqueter√≠a,S√≠,No,,Frecuentemente,6-10,S√≠,Puntos de entrega locales,Indiferente,
05/02/2025 10:09:16,Mujer,25.0,S√≠,Autonomo,No,S√≠,1-3,Coche,Ambas,S√≠,No,,Frecuentemente,6-10,No,Recogida a domicilio,Muy dispuesto,
04/26/2025 10:09:16,Mujer,48.0,S√≠,Autonomo,S√≠,S√≠,4-6,Furgoneta,Ambas,No,S√≠,,A veces,6-10,No,Puntos de entrega locales,Dispuesto,
04/12/2025 10:09:16,Mujer,33.0,S√≠,Autonomo,No,S√≠,1-3,Furgoneta,Paqueter√≠a,S√≠,No,,A veces,1-5,S√≠,Recogida a domicilio,Indiferente,
04/18/2025 10:09:16,Hombre,43.0,S√≠,Autonomo,A veces,S√≠,M√°s de 6,Coche,Ambas,S√≠,S√≠,,Nunca,M√°s de 10,S√≠,Puntos de entrega locales,Indiferente,
04/22/2025 10:09:16,Mujer,48.0,S√≠,Autonomo,A veces,S√≠,1-3,Coche,Ambas,No,S√≠,,Frecuentemente,M√°s de 10,S√≠,Recogida a domicilio,Indiferente,
04/12/2025 10:09:16,Mujer,37.0,S√≠,Autonomo,No,S√≠,M√°s de 6,Cami√≥n,Ambas,S√≠,No,,Nunca,6-10,S√≠,Puntos de entrega locales,Muy dispuesto,
04/25/2025 10:09:16,Hombre,49.0,S√≠,Autonomo,S√≠,S√≠,M√°s de 6,Furgoneta,Paqueter√≠a,No,No,,A veces,1-5,No,Recogida a domicilio,Dispuesto,
05/03/2025 10:09:16,Hombre,39.0,S√≠,Autonomo,S√≠,S√≠,4-6,Coche,Paqueter√≠a,No,No,,Nunca,6-10,S√≠,Ambas opciones,Poco dispuesto,
04/17/2025 10:09:16,Hombre,57.0,S√≠,Autonomo,A veces,No,M√°s de 6,Furgoneta,Palets,No,No,,Nunca,1-5,S√≠,Recogida a domicilio,Muy dispuesto,
04/09/2025 10:09:16,Mujer,31.0,S√≠,Asalariado,A veces,No lo s√©,4-6,Coche,Ambas,No,S√≠,,Frecuentemente,1-5,No,Puntos de entrega locales,Poco dispuesto,
05/01/2025 10:09:16,Mujer,31.0,S√≠,Asalariado,A veces,No,1-3,Furgoneta,Paqueter√≠a,No,No,,Frecuentemente,1-5,S√≠,Ambas opciones,Muy dispuesto,
05/03/2025 10:09:16,Hombre,30.0,S√≠,Asalariado,No,No lo s√©,4-6,Furgoneta,Ambas,No,S√≠,,Frecuentemente,1-5,No,Recogida a domicilio,Dispuesto,
05/04/2025 10:09:16,Hombre,38.0,S√≠,Asalariado,A veces,No lo s√©,1-3,Coche,Paqueter√≠a,S√≠,No,,A veces,M√°s de 10,S√≠,Ambas opciones,Muy dispuesto,